{"cameraMode":{"drawMode":0,"name":"Shaded","section":"Shading Mode"},"sceneLighting":true,"audioPlay":false,"sceneViewState":{"showFog":true,"showMaterialUpdate":false,"showSkybox":true,"showFlares":true,"showImageEffects":true,"showParticleSystems":true},"in2DMode":false,"pivot":{"x":-1.94891357421875,"y":-0.17026644945144654,"z":-5.969088554382324},"rotation":{"x":-0.053235121071338657,"y":0.9317706823348999,"z":-0.15257753431797028,"w":-0.32509955763816836},"size":6.262001991271973,"orthographic":false}